iteration,best_fitness,avg_fitness,diversity,pheromone_avg,pheromone_max,pheromone_min,Instance_Size,Instance_File,Timestamp
0,0,0,0.684544541626175,0.9970698977357306,1.0,0.08896877864610384,25.0,Set_100_234/p4.2.a.txt,2024-11-19 12:41:14
10,0,0,0.7156764142886597,0.3431740539359904,0.34867844010000015,0.01,25.0,Set_100_234/p4.2.a.txt,2024-11-19 12:41:14
20,0,0,0.5822511117000922,0.11916358886952143,0.12157665459056936,0.01,25.0,Set_100_234/p4.2.a.txt,2024-11-19 12:41:14
30,0,0,0.5305260770975057,0.041558027327610804,0.042391158275216244,0.01,25.0,Set_100_234/p4.2.a.txt,2024-11-19 12:41:14
40,0,0,0.5291159905853774,0.014633458014099389,0.014780882941434608,0.01,25.0,Set_100_234/p4.2.a.txt,2024-11-19 12:41:14
50,0,0,0.5458909503195218,0.01,0.010000000000000002,0.01,25.0,Set_100_234/p4.2.a.txt,2024-11-19 12:41:14
60,0,0,0.5262840062431893,0.01,0.010000000000000002,0.01,25.0,Set_100_234/p4.2.a.txt,2024-11-19 12:41:14
70,0,0,0.5362335895397119,0.01,0.010000000000000002,0.01,25.0,Set_100_234/p4.2.a.txt,2024-11-19 12:41:14
80,0,0,0.5158958660387233,0.01,0.010000000000000002,0.01,25.0,Set_100_234/p4.2.a.txt,2024-11-19 12:41:14
90,0,0,0.5225355279640997,0.01,0.010000000000000002,0.01,25.0,Set_100_234/p4.2.a.txt,2024-11-19 12:41:14
100,0,0,0.5284377346009985,0.01,0.010000000000000002,0.01,25.0,Set_100_234/p4.2.a.txt,2024-11-19 12:41:14
110,0,0,0.5234276585092902,0.01,0.010000000000000002,0.01,25.0,Set_100_234/p4.2.a.txt,2024-11-19 12:41:14
120,0,0,0.5752339134788115,0.01,0.010000000000000002,0.01,25.0,Set_100_234/p4.2.a.txt,2024-11-19 12:41:14
0,0,0,0.9351381915943292,0.9852777089656306,1.0,0.061811415669708734,70.0,Set_100_234/p4.2.j.txt,2024-11-19 12:41:55
10,0,0,1.1714682316858207,0.3190716257632784,0.34867844010000015,0.01,70.0,Set_100_234/p4.2.j.txt,2024-11-19 12:41:55
20,0,0,1.0541111919669413,0.1063682001037839,0.12157665459056936,0.01,70.0,Set_100_234/p4.2.j.txt,2024-11-19 12:41:55
30,0,0,1.0020520897083163,0.036267055845499024,0.042391158275216244,0.01,70.0,Set_100_234/p4.2.j.txt,2024-11-19 12:41:55
40,0,0,0.9184844022405217,0.01322913593196007,0.014780882941434608,0.01,70.0,Set_100_234/p4.2.j.txt,2024-11-19 12:41:55
50,0,0,0.919304063871843,0.01,0.010000000000000002,0.01,70.0,Set_100_234/p4.2.j.txt,2024-11-19 12:41:55
60,0,0,0.8830035140825453,0.01,0.010000000000000002,0.01,70.0,Set_100_234/p4.2.j.txt,2024-11-19 12:41:55
70,0,0,0.9307976059595484,0.01,0.010000000000000002,0.01,70.0,Set_100_234/p4.2.j.txt,2024-11-19 12:41:55
80,0,0,0.9235777541483109,0.01,0.010000000000000002,0.01,70.0,Set_100_234/p4.2.j.txt,2024-11-19 12:41:55
90,0,0,0.9148112218272934,0.01,0.010000000000000002,0.01,70.0,Set_100_234/p4.2.j.txt,2024-11-19 12:41:55
100,0,0,0.8797130047910596,0.01,0.010000000000000002,0.01,70.0,Set_100_234/p4.2.j.txt,2024-11-19 12:41:55
110,0,0,0.8812040759254813,0.01,0.010000000000000002,0.01,70.0,Set_100_234/p4.2.j.txt,2024-11-19 12:41:55
120,0,0,0.9253133324730586,0.01,0.010000000000000002,0.01,70.0,Set_100_234/p4.2.j.txt,2024-11-19 12:41:55
0,0,0,0.6114079408516382,0.9763630562033568,1.0,0.05663027410273786,120.0,Set_100_234/p4.2.t.txt,2024-11-19 12:43:54
10,0,0,0.8921783492865201,0.3033073110432653,0.34867844010000015,0.01,120.0,Set_100_234/p4.2.t.txt,2024-11-19 12:43:54
20,0,0,0.8003656114262516,0.09852760884471409,0.12157665459056936,0.01,120.0,Set_100_234/p4.2.t.txt,2024-11-19 12:43:54
30,0,0,0.6632421195668039,0.03320207382437075,0.042391158275216244,0.01,120.0,Set_100_234/p4.2.t.txt,2024-11-19 12:43:54
40,0,0,0.5212339325870302,0.01245841329768993,0.014780882941434608,0.01,120.0,Set_100_234/p4.2.t.txt,2024-11-19 12:43:54
50,0,0,0.5307391109857421,0.01,0.010000000000000002,0.01,120.0,Set_100_234/p4.2.t.txt,2024-11-19 12:43:54
60,0,0,0.5676763460838846,0.01,0.010000000000000002,0.01,120.0,Set_100_234/p4.2.t.txt,2024-11-19 12:43:54
70,0,0,0.5768137908629395,0.01,0.010000000000000002,0.01,120.0,Set_100_234/p4.2.t.txt,2024-11-19 12:43:54
80,0,0,0.5509794465804017,0.01,0.010000000000000002,0.01,120.0,Set_100_234/p4.2.t.txt,2024-11-19 12:43:54
90,0,0,0.5502800537088751,0.01,0.010000000000000002,0.01,120.0,Set_100_234/p4.2.t.txt,2024-11-19 12:43:54
100,0,0,0.5654839743037117,0.01,0.010000000000000002,0.01,120.0,Set_100_234/p4.2.t.txt,2024-11-19 12:43:54
110,0,0,0.5270679413985653,0.01,0.010000000000000002,0.01,120.0,Set_100_234/p4.2.t.txt,2024-11-19 12:43:54
120,0,0,0.5380050637268928,0.01,0.010000000000000002,0.01,120.0,Set_100_234/p4.2.t.txt,2024-11-19 12:43:54
0,0,0,0.0,1.0,1.0,1.0,16.7,Set_100_234/p4.3.a.txt,2024-11-19 12:44:17
10,0,0,0.0,0.34867844010000015,0.34867844010000015,0.34867844010000015,16.7,Set_100_234/p4.3.a.txt,2024-11-19 12:44:17
20,0,0,0.0,0.12157665459056936,0.12157665459056936,0.12157665459056936,16.7,Set_100_234/p4.3.a.txt,2024-11-19 12:44:17
30,0,0,0.0,0.042391158275216244,0.042391158275216244,0.042391158275216244,16.7,Set_100_234/p4.3.a.txt,2024-11-19 12:44:17
40,0,0,0.0,0.014780882941434608,0.014780882941434608,0.014780882941434608,16.7,Set_100_234/p4.3.a.txt,2024-11-19 12:44:17
50,0,0,0.0,0.01,0.01,0.01,16.7,Set_100_234/p4.3.a.txt,2024-11-19 12:44:17
60,0,0,0.0,0.01,0.01,0.01,16.7,Set_100_234/p4.3.a.txt,2024-11-19 12:44:17
70,0,0,0.0,0.01,0.01,0.01,16.7,Set_100_234/p4.3.a.txt,2024-11-19 12:44:17
80,0,0,0.0,0.01,0.01,0.01,16.7,Set_100_234/p4.3.a.txt,2024-11-19 12:44:17
90,0,0,0.0,0.01,0.01,0.01,16.7,Set_100_234/p4.3.a.txt,2024-11-19 12:44:17
100,0,0,0.0,0.01,0.01,0.01,16.7,Set_100_234/p4.3.a.txt,2024-11-19 12:44:17
110,0,0,0.0,0.01,0.01,0.01,16.7,Set_100_234/p4.3.a.txt,2024-11-19 12:44:17
120,0,0,0.0,0.01,0.01,0.01,16.7,Set_100_234/p4.3.a.txt,2024-11-19 12:44:17
0,0,0,0.8500834163477226,0.9866698835156222,1.0,0.07396471070334411,46.7,Set_100_234/p4.3.j.txt,2024-11-19 12:44:46
10,0,0,1.065186661369996,0.3218747326415084,0.34867844010000015,0.01,46.7,Set_100_234/p4.3.j.txt,2024-11-19 12:44:46
20,0,0,0.9583836247330725,0.10795117503440482,0.12157665459056936,0.01,46.7,Set_100_234/p4.3.j.txt,2024-11-19 12:44:46
30,0,0,0.7878692353001663,0.03700996419262599,0.042391158275216244,0.01,46.7,Set_100_234/p4.3.j.txt,2024-11-19 12:44:46
40,0,0,0.8077938813911756,0.013511468766814447,0.014780882941434608,0.01,46.7,Set_100_234/p4.3.j.txt,2024-11-19 12:44:46
50,0,0,0.8096499072991695,0.01,0.010000000000000002,0.01,46.7,Set_100_234/p4.3.j.txt,2024-11-19 12:44:46
60,0,0,0.7662134347374381,0.01,0.010000000000000002,0.01,46.7,Set_100_234/p4.3.j.txt,2024-11-19 12:44:46
70,0,0,0.7678715463726598,0.01,0.010000000000000002,0.01,46.7,Set_100_234/p4.3.j.txt,2024-11-19 12:44:46
80,0,0,0.8162748234267286,0.01,0.010000000000000002,0.01,46.7,Set_100_234/p4.3.j.txt,2024-11-19 12:44:46
90,0,0,0.7493954114792831,0.01,0.010000000000000002,0.01,46.7,Set_100_234/p4.3.j.txt,2024-11-19 12:44:46
100,0,0,0.7229000420185991,0.01,0.010000000000000002,0.01,46.7,Set_100_234/p4.3.j.txt,2024-11-19 12:44:46
110,0,0,0.8091132400289319,0.01,0.010000000000000002,0.01,46.7,Set_100_234/p4.3.j.txt,2024-11-19 12:44:46
120,0,0,0.70422111997098,0.01,0.010000000000000002,0.01,46.7,Set_100_234/p4.3.j.txt,2024-11-19 12:44:46
0,0,0,0.6222012308993482,0.9772802840698877,1.0,0.04777052202321767,80.0,Set_100_234/p4.3.t.txt,2024-11-19 12:45:53
10,0,0,0.8872361462809915,0.30497692477793303,0.34867844010000015,0.01,80.0,Set_100_234/p4.3.t.txt,2024-11-19 12:45:53
20,0,0,0.778840228106147,0.0993721283936552,0.12157665459056936,0.01,80.0,Set_100_234/p4.3.t.txt,2024-11-19 12:45:53
30,0,0,0.6835499983843976,0.033589506196450195,0.042391158275216244,0.01,80.0,Set_100_234/p4.3.t.txt,2024-11-19 12:45:53
40,0,0,0.5962768936368201,0.012613400617666476,0.014780882941434608,0.01,80.0,Set_100_234/p4.3.t.txt,2024-11-19 12:45:53
50,0,0,0.5399151558555195,0.01,0.010000000000000002,0.01,80.0,Set_100_234/p4.3.t.txt,2024-11-19 12:45:53
60,0,0,0.563771592951465,0.01,0.010000000000000002,0.01,80.0,Set_100_234/p4.3.t.txt,2024-11-19 12:45:53
70,0,0,0.5452297711722525,0.01,0.010000000000000002,0.01,80.0,Set_100_234/p4.3.t.txt,2024-11-19 12:45:53
80,0,0,0.5663673238150241,0.01,0.010000000000000002,0.01,80.0,Set_100_234/p4.3.t.txt,2024-11-19 12:45:53
90,0,0,0.5536560240246409,0.01,0.010000000000000002,0.01,80.0,Set_100_234/p4.3.t.txt,2024-11-19 12:45:53
100,0,0,0.5491518110062031,0.01,0.010000000000000002,0.01,80.0,Set_100_234/p4.3.t.txt,2024-11-19 12:45:53
110,0,0,0.5500533808243743,0.01,0.010000000000000002,0.01,80.0,Set_100_234/p4.3.t.txt,2024-11-19 12:45:53
120,0,0,0.5461555814474848,0.01,0.010000000000000002,0.01,80.0,Set_100_234/p4.3.t.txt,2024-11-19 12:45:53
0,0,0,0.0,1.0,1.0,1.0,12.5,Set_100_234/p4.4.a.txt,2024-11-19 12:46:16
10,0,0,0.0,0.34867844010000015,0.34867844010000015,0.34867844010000015,12.5,Set_100_234/p4.4.a.txt,2024-11-19 12:46:16
20,0,0,0.0,0.12157665459056936,0.12157665459056936,0.12157665459056936,12.5,Set_100_234/p4.4.a.txt,2024-11-19 12:46:16
30,0,0,0.0,0.042391158275216244,0.042391158275216244,0.042391158275216244,12.5,Set_100_234/p4.4.a.txt,2024-11-19 12:46:16
40,0,0,0.0,0.014780882941434608,0.014780882941434608,0.014780882941434608,12.5,Set_100_234/p4.4.a.txt,2024-11-19 12:46:16
50,0,0,0.0,0.01,0.01,0.01,12.5,Set_100_234/p4.4.a.txt,2024-11-19 12:46:16
60,0,0,0.0,0.01,0.01,0.01,12.5,Set_100_234/p4.4.a.txt,2024-11-19 12:46:16
70,0,0,0.0,0.01,0.01,0.01,12.5,Set_100_234/p4.4.a.txt,2024-11-19 12:46:16
80,0,0,0.0,0.01,0.01,0.01,12.5,Set_100_234/p4.4.a.txt,2024-11-19 12:46:16
90,0,0,0.0,0.01,0.01,0.01,12.5,Set_100_234/p4.4.a.txt,2024-11-19 12:46:16
100,0,0,0.0,0.01,0.01,0.01,12.5,Set_100_234/p4.4.a.txt,2024-11-19 12:46:16
110,0,0,0.0,0.01,0.01,0.01,12.5,Set_100_234/p4.4.a.txt,2024-11-19 12:46:16
120,0,0,0.0,0.01,0.01,0.01,12.5,Set_100_234/p4.4.a.txt,2024-11-19 12:46:16
0,0,0,0.6456904679924625,0.9887131083139583,1.0,0.05663027410273786,35.0,Set_100_234/p4.4.j.txt,2024-11-19 12:46:42
10,0,0,0.9265436087295009,0.32698095558479195,0.34867844010000015,0.01,35.0,Set_100_234/p4.4.j.txt,2024-11-19 12:46:42
20,0,0,0.7698102057340875,0.11089131006714376,0.12157665459056936,0.01,35.0,Set_100_234/p4.4.j.txt,2024-11-19 12:46:42
30,0,0,0.6776149705049626,0.038333358098725845,0.042391158275216244,0.01,35.0,Set_100_234/p4.4.j.txt,2024-11-19 12:46:42
40,0,0,0.613272702465697,0.013928814405083605,0.014780882941434608,0.01,35.0,Set_100_234/p4.4.j.txt,2024-11-19 12:46:42
50,0,0,0.5745979879251031,0.01,0.010000000000000002,0.01,35.0,Set_100_234/p4.4.j.txt,2024-11-19 12:46:42
60,0,0,0.5744706706252661,0.01,0.010000000000000002,0.01,35.0,Set_100_234/p4.4.j.txt,2024-11-19 12:46:42
70,0,0,0.5878011841745695,0.01,0.010000000000000002,0.01,35.0,Set_100_234/p4.4.j.txt,2024-11-19 12:46:42
80,0,0,0.5356695797702162,0.01,0.010000000000000002,0.01,35.0,Set_100_234/p4.4.j.txt,2024-11-19 12:46:42
90,0,0,0.5592515721620651,0.01,0.010000000000000002,0.01,35.0,Set_100_234/p4.4.j.txt,2024-11-19 12:46:42
100,0,0,0.564214717741905,0.01,0.010000000000000002,0.01,35.0,Set_100_234/p4.4.j.txt,2024-11-19 12:46:42
110,0,0,0.6187946432185997,0.01,0.010000000000000002,0.01,35.0,Set_100_234/p4.4.j.txt,2024-11-19 12:46:42
120,0,0,0.5586591360273958,0.01,0.010000000000000002,0.01,35.0,Set_100_234/p4.4.j.txt,2024-11-19 12:46:42
0,0,0,0.634284697229235,0.9785813661913179,1.0,0.051967246692464074,60.0,Set_100_234/p4.4.t.txt,2024-11-19 12:47:36
10,0,0,0.8750533747428002,0.30732749152328154,0.34867844010000015,0.01,60.0,Set_100_234/p4.4.t.txt,2024-11-19 12:47:36
20,0,0,0.721708356090121,0.10076911444970481,0.12157665459056936,0.01,60.0,Set_100_234/p4.4.t.txt,2024-11-19 12:47:36
30,0,0,0.6531169645194075,0.034172203869314306,0.042391158275216244,0.01,60.0,Set_100_234/p4.4.t.txt,2024-11-19 12:47:36
40,0,0,0.5844304625361291,0.012824090547296383,0.014780882941434608,0.01,60.0,Set_100_234/p4.4.t.txt,2024-11-19 12:47:36
50,0,0,0.5812316007849723,0.01,0.010000000000000002,0.01,60.0,Set_100_234/p4.4.t.txt,2024-11-19 12:47:36
60,0,0,0.5607193752198901,0.01,0.010000000000000002,0.01,60.0,Set_100_234/p4.4.t.txt,2024-11-19 12:47:36
70,0,0,0.5624501298061501,0.01,0.010000000000000002,0.01,60.0,Set_100_234/p4.4.t.txt,2024-11-19 12:47:36
80,0,0,0.5692331942771438,0.01,0.010000000000000002,0.01,60.0,Set_100_234/p4.4.t.txt,2024-11-19 12:47:36
90,0,0,0.5611233359506779,0.01,0.010000000000000002,0.01,60.0,Set_100_234/p4.4.t.txt,2024-11-19 12:47:36
100,0,0,0.5895584476089593,0.01,0.010000000000000002,0.01,60.0,Set_100_234/p4.4.t.txt,2024-11-19 12:47:36
110,0,0,0.5402614067023348,0.01,0.010000000000000002,0.01,60.0,Set_100_234/p4.4.t.txt,2024-11-19 12:47:36
120,0,0,0.5505355846458329,0.01,0.010000000000000002,0.01,60.0,Set_100_234/p4.4.t.txt,2024-11-19 12:47:36
0,0,0,1.127735253408722,0.9931231158217421,1.0,0.10749231931617756,15.0,Set_64_234/p6.2.d.txt,2024-11-19 12:48:08
10,0,0,1.105103336572724,0.333114230296758,0.34867844010000015,0.01,15.0,Set_64_234/p6.2.d.txt,2024-11-19 12:48:08
20,0,0,0.8622928409459022,0.11519169396987868,0.12157665459056936,0.01,15.0,Set_64_234/p6.2.d.txt,2024-11-19 12:48:08
30,0,0,0.7670602526724941,0.040191244620058554,0.042391158275216244,0.01,15.0,Set_64_234/p6.2.d.txt,2024-11-19 12:48:08
40,0,0,0.8058004535147405,0.014386638832688354,0.014780882941434608,0.01,15.0,Set_64_234/p6.2.d.txt,2024-11-19 12:48:08
50,0,0,0.8198473952351483,0.01,0.010000000000000002,0.01,15.0,Set_64_234/p6.2.d.txt,2024-11-19 12:48:08
60,0,0,0.9184020084224176,0.01,0.010000000000000002,0.01,15.0,Set_64_234/p6.2.d.txt,2024-11-19 12:48:08
70,0,0,0.8962235179786205,0.01,0.010000000000000002,0.01,15.0,Set_64_234/p6.2.d.txt,2024-11-19 12:48:08
80,0,0,0.7543654033041786,0.01,0.010000000000000002,0.01,15.0,Set_64_234/p6.2.d.txt,2024-11-19 12:48:08
90,0,0,0.9042108254557256,0.01,0.010000000000000002,0.01,15.0,Set_64_234/p6.2.d.txt,2024-11-19 12:48:08
100,0,0,0.8202708130871401,0.01,0.010000000000000002,0.01,15.0,Set_64_234/p6.2.d.txt,2024-11-19 12:48:08
110,0,0,0.8211554907677385,0.01,0.010000000000000002,0.01,15.0,Set_64_234/p6.2.d.txt,2024-11-19 12:48:08
120,0,0,0.8098940719144765,0.01,0.010000000000000002,0.01,15.0,Set_64_234/p6.2.d.txt,2024-11-19 12:48:08
0,0,0,1.0814896559214018,0.9749007052475791,1.0,0.14373432004962627,27.5,Set_64_234/p6.2.i.txt,2024-11-19 12:48:24
10,0,0,1.2442595396600205,0.2971509365365901,0.34867844010000015,0.01,27.5,Set_64_234/p6.2.i.txt,2024-11-19 12:48:24
20,0,0,1.1304629561866624,0.09527242378014064,0.12157665459056936,0.01,27.5,Set_64_234/p6.2.i.txt,2024-11-19 12:48:24
30,0,0,1.030880587570194,0.0323643767624208,0.042391158275216244,0.01,27.5,Set_64_234/p6.2.i.txt,2024-11-19 12:48:24
40,0,0,0.9595340602241995,0.012540420027708464,0.014780882941434608,0.01,27.5,Set_64_234/p6.2.i.txt,2024-11-19 12:48:24
50,0,0,0.9137232703296674,0.01,0.010000000000000002,0.01,27.5,Set_64_234/p6.2.i.txt,2024-11-19 12:48:24
60,0,0,0.9899282151591743,0.01,0.010000000000000002,0.01,27.5,Set_64_234/p6.2.i.txt,2024-11-19 12:48:24
70,0,0,0.9966353485370394,0.01,0.010000000000000002,0.01,27.5,Set_64_234/p6.2.i.txt,2024-11-19 12:48:24
80,0,0,0.9420664181779733,0.01,0.010000000000000002,0.01,27.5,Set_64_234/p6.2.i.txt,2024-11-19 12:48:24
90,0,0,0.9731069391080098,0.01,0.010000000000000002,0.01,27.5,Set_64_234/p6.2.i.txt,2024-11-19 12:48:24
100,0,0,0.9724559470395258,0.01,0.010000000000000002,0.01,27.5,Set_64_234/p6.2.i.txt,2024-11-19 12:48:24
110,0,0,0.9741963519660992,0.01,0.010000000000000002,0.01,27.5,Set_64_234/p6.2.i.txt,2024-11-19 12:48:24
120,0,0,0.9390996050017367,0.01,0.010000000000000002,0.01,27.5,Set_64_234/p6.2.i.txt,2024-11-19 12:48:24
0,0,0,0.7795232159564567,0.9638386315208304,1.0,0.13036088804466364,40.0,Set_64_234/p6.2.n.txt,2024-11-19 12:48:49
10,0,0,1.1252082760847821,0.27780160628086925,0.34867844010000015,0.01,40.0,Set_64_234/p6.2.n.txt,2024-11-19 12:48:49
20,0,0,0.8534361125788106,0.08625574140813326,0.12157665459056936,0.01,40.0,Set_64_234/p6.2.n.txt,2024-11-19 12:48:49
30,0,0,0.7050894521131185,0.028995960750337793,0.042391158275216244,0.01,40.0,Set_64_234/p6.2.n.txt,2024-11-19 12:48:49
40,0,0,0.6494760195469511,0.011762477041484058,0.014780882941434608,0.01,40.0,Set_64_234/p6.2.n.txt,2024-11-19 12:48:49
50,0,0,0.6506142287907022,0.01,0.010000000000000002,0.01,40.0,Set_64_234/p6.2.n.txt,2024-11-19 12:48:49
60,0,0,0.6231042116700225,0.01,0.010000000000000002,0.01,40.0,Set_64_234/p6.2.n.txt,2024-11-19 12:48:49
70,0,0,0.6331399100246882,0.01,0.010000000000000002,0.01,40.0,Set_64_234/p6.2.n.txt,2024-11-19 12:48:49
80,0,0,0.659157108612397,0.01,0.010000000000000002,0.01,40.0,Set_64_234/p6.2.n.txt,2024-11-19 12:48:49
90,0,0,0.6414283033153302,0.01,0.010000000000000002,0.01,40.0,Set_64_234/p6.2.n.txt,2024-11-19 12:48:49
100,0,0,0.6093243094814484,0.01,0.010000000000000002,0.01,40.0,Set_64_234/p6.2.n.txt,2024-11-19 12:48:49
110,0,0,0.6682658703981218,0.01,0.010000000000000002,0.01,40.0,Set_64_234/p6.2.n.txt,2024-11-19 12:48:49
120,0,0,0.6410072319545458,0.01,0.010000000000000002,0.01,40.0,Set_64_234/p6.2.n.txt,2024-11-19 12:48:49
0,0,0,0.0,1.0,1.0,1.0,10.0,Set_64_234/p6.3.d.txt,2024-11-19 12:49:01
10,0,0,0.0,0.34867844010000015,0.34867844010000015,0.34867844010000015,10.0,Set_64_234/p6.3.d.txt,2024-11-19 12:49:01
20,0,0,0.0,0.12157665459056936,0.12157665459056936,0.12157665459056936,10.0,Set_64_234/p6.3.d.txt,2024-11-19 12:49:01
30,0,0,0.0,0.042391158275216244,0.042391158275216244,0.042391158275216244,10.0,Set_64_234/p6.3.d.txt,2024-11-19 12:49:01
40,0,0,0.0,0.014780882941434608,0.014780882941434608,0.014780882941434608,10.0,Set_64_234/p6.3.d.txt,2024-11-19 12:49:01
50,0,0,0.0,0.01,0.01,0.01,10.0,Set_64_234/p6.3.d.txt,2024-11-19 12:49:01
60,0,0,0.0,0.01,0.01,0.01,10.0,Set_64_234/p6.3.d.txt,2024-11-19 12:49:01
70,0,0,0.0,0.01,0.01,0.01,10.0,Set_64_234/p6.3.d.txt,2024-11-19 12:49:01
80,0,0,0.0,0.01,0.01,0.01,10.0,Set_64_234/p6.3.d.txt,2024-11-19 12:49:01
90,0,0,0.0,0.01,0.01,0.01,10.0,Set_64_234/p6.3.d.txt,2024-11-19 12:49:01
100,0,0,0.0,0.01,0.01,0.01,10.0,Set_64_234/p6.3.d.txt,2024-11-19 12:49:01
110,0,0,0.0,0.01,0.01,0.01,10.0,Set_64_234/p6.3.d.txt,2024-11-19 12:49:01
120,0,0,0.0,0.01,0.01,0.01,10.0,Set_64_234/p6.3.d.txt,2024-11-19 12:49:01
0,0,0,0.9277801373732606,0.9792468049630348,1.0,0.08896877864610384,18.3,Set_64_234/p6.3.i.txt,2024-11-19 12:49:14
10,0,0,1.1612435081749555,0.3075199682910747,0.34867844010000015,0.01,18.3,Set_64_234/p6.3.i.txt,2024-11-19 12:49:14
20,0,0,0.9011735445531931,0.10102022626423814,0.12157665459056936,0.01,18.3,Set_64_234/p6.3.i.txt,2024-11-19 12:49:14
30,0,0,0.859582953017715,0.034781397920394475,0.042391158275216244,0.01,18.3,Set_64_234/p6.3.i.txt,2024-11-19 12:49:14
40,0,0,0.8348832849719349,0.013279079385563447,0.014780882941434608,0.01,18.3,Set_64_234/p6.3.i.txt,2024-11-19 12:49:14
50,0,0,0.8874737705533768,0.01,0.010000000000000002,0.01,18.3,Set_64_234/p6.3.i.txt,2024-11-19 12:49:14
60,0,0,0.8214984063612097,0.01,0.010000000000000002,0.01,18.3,Set_64_234/p6.3.i.txt,2024-11-19 12:49:14
70,0,0,0.9229692054754779,0.01,0.010000000000000002,0.01,18.3,Set_64_234/p6.3.i.txt,2024-11-19 12:49:14
80,0,0,0.8936548219663621,0.01,0.010000000000000002,0.01,18.3,Set_64_234/p6.3.i.txt,2024-11-19 12:49:14
90,0,0,0.8570643363342567,0.01,0.010000000000000002,0.01,18.3,Set_64_234/p6.3.i.txt,2024-11-19 12:49:14
100,0,0,0.9032109161677925,0.01,0.010000000000000002,0.01,18.3,Set_64_234/p6.3.i.txt,2024-11-19 12:49:14
110,0,0,0.8851376016656269,0.01,0.010000000000000002,0.01,18.3,Set_64_234/p6.3.i.txt,2024-11-19 12:49:14
120,0,0,0.8621436716589602,0.01,0.010000000000000002,0.01,18.3,Set_64_234/p6.3.i.txt,2024-11-19 12:49:14
0,0,0,0.8057088192306937,0.9664945944143342,1.0,0.10749231931617756,26.7,Set_64_234/p6.3.n.txt,2024-11-19 12:49:36
10,0,0,1.0743968744062793,0.2837185179375177,0.34867844010000015,0.01,26.7,Set_64_234/p6.3.n.txt,2024-11-19 12:49:36
20,0,0,0.8916017642878874,0.08925988079511699,0.12157665459056936,0.01,26.7,Set_64_234/p6.3.n.txt,2024-11-19 12:49:36
30,0,0,0.7648962649870132,0.03029168355406271,0.042391158275216244,0.01,26.7,Set_64_234/p6.3.n.txt,2024-11-19 12:49:36
40,0,0,0.6712488564942943,0.012186675041407682,0.014780882941434608,0.01,26.7,Set_64_234/p6.3.n.txt,2024-11-19 12:49:36
50,0,0,0.6612688064475648,0.01,0.010000000000000002,0.01,26.7,Set_64_234/p6.3.n.txt,2024-11-19 12:49:36
60,0,0,0.6715278959386758,0.01,0.010000000000000002,0.01,26.7,Set_64_234/p6.3.n.txt,2024-11-19 12:49:36
70,0,0,0.6427417325896151,0.01,0.010000000000000002,0.01,26.7,Set_64_234/p6.3.n.txt,2024-11-19 12:49:36
80,0,0,0.6470861427666895,0.01,0.010000000000000002,0.01,26.7,Set_64_234/p6.3.n.txt,2024-11-19 12:49:36
90,0,0,0.6671692666089594,0.01,0.010000000000000002,0.01,26.7,Set_64_234/p6.3.n.txt,2024-11-19 12:49:36
100,0,0,0.6550970054865883,0.01,0.010000000000000002,0.01,26.7,Set_64_234/p6.3.n.txt,2024-11-19 12:49:36
110,0,0,0.6605814954942938,0.01,0.010000000000000002,0.01,26.7,Set_64_234/p6.3.n.txt,2024-11-19 12:49:36
120,0,0,0.6745668146710954,0.01,0.010000000000000002,0.01,26.7,Set_64_234/p6.3.n.txt,2024-11-19 12:49:36
0,0,0,0.0,1.0,1.0,1.0,7.5,Set_64_234/p6.4.d.txt,2024-11-19 12:49:49
10,0,0,0.0,0.34867844010000015,0.34867844010000015,0.34867844010000015,7.5,Set_64_234/p6.4.d.txt,2024-11-19 12:49:49
20,0,0,0.0,0.12157665459056936,0.12157665459056936,0.12157665459056936,7.5,Set_64_234/p6.4.d.txt,2024-11-19 12:49:49
30,0,0,0.0,0.042391158275216244,0.042391158275216244,0.042391158275216244,7.5,Set_64_234/p6.4.d.txt,2024-11-19 12:49:49
40,0,0,0.0,0.014780882941434608,0.014780882941434608,0.014780882941434608,7.5,Set_64_234/p6.4.d.txt,2024-11-19 12:49:49
50,0,0,0.0,0.01,0.01,0.01,7.5,Set_64_234/p6.4.d.txt,2024-11-19 12:49:49
60,0,0,0.0,0.01,0.01,0.01,7.5,Set_64_234/p6.4.d.txt,2024-11-19 12:49:49
70,0,0,0.0,0.01,0.01,0.01,7.5,Set_64_234/p6.4.d.txt,2024-11-19 12:49:49
80,0,0,0.0,0.01,0.01,0.01,7.5,Set_64_234/p6.4.d.txt,2024-11-19 12:49:49
90,0,0,0.0,0.01,0.01,0.01,7.5,Set_64_234/p6.4.d.txt,2024-11-19 12:49:49
100,0,0,0.0,0.01,0.01,0.01,7.5,Set_64_234/p6.4.d.txt,2024-11-19 12:49:49
110,0,0,0.0,0.01,0.01,0.01,7.5,Set_64_234/p6.4.d.txt,2024-11-19 12:49:49
120,0,0,0.0,0.01,0.01,0.01,7.5,Set_64_234/p6.4.d.txt,2024-11-19 12:49:49
0,0,0,0.0,1.0,1.0,1.0,13.8,Set_64_234/p6.4.i.txt,2024-11-19 12:49:53
10,0,0,0.0,0.34867844010000015,0.34867844010000015,0.34867844010000015,13.8,Set_64_234/p6.4.i.txt,2024-11-19 12:49:53
20,0,0,0.0,0.12157665459056936,0.12157665459056936,0.12157665459056936,13.8,Set_64_234/p6.4.i.txt,2024-11-19 12:49:53
30,0,0,0.0,0.042391158275216244,0.042391158275216244,0.042391158275216244,13.8,Set_64_234/p6.4.i.txt,2024-11-19 12:49:53
40,0,0,0.0,0.014780882941434608,0.014780882941434608,0.014780882941434608,13.8,Set_64_234/p6.4.i.txt,2024-11-19 12:49:53
50,0,0,0.0,0.01,0.01,0.01,13.8,Set_64_234/p6.4.i.txt,2024-11-19 12:49:53
60,0,0,0.0,0.01,0.01,0.01,13.8,Set_64_234/p6.4.i.txt,2024-11-19 12:49:53
70,0,0,0.0,0.01,0.01,0.01,13.8,Set_64_234/p6.4.i.txt,2024-11-19 12:49:53
80,0,0,0.0,0.01,0.01,0.01,13.8,Set_64_234/p6.4.i.txt,2024-11-19 12:49:53
90,0,0,0.0,0.01,0.01,0.01,13.8,Set_64_234/p6.4.i.txt,2024-11-19 12:49:53
100,0,0,0.0,0.01,0.01,0.01,13.8,Set_64_234/p6.4.i.txt,2024-11-19 12:49:53
110,0,0,0.0,0.01,0.01,0.01,13.8,Set_64_234/p6.4.i.txt,2024-11-19 12:49:53
120,0,0,0.0,0.01,0.01,0.01,13.8,Set_64_234/p6.4.i.txt,2024-11-19 12:49:53
0,0,0,0.7957213441103003,0.9704951380088939,1.0,0.08896877864610384,20.0,Set_64_234/p6.4.n.txt,2024-11-19 12:50:09
10,0,0,0.9608514220685239,0.2926767151217252,0.34867844010000015,0.01,20.0,Set_64_234/p6.4.n.txt,2024-11-19 12:50:09
20,0,0,0.7967037195006711,0.09406234442902049,0.12157665459056936,0.01,20.0,Set_64_234/p6.4.n.txt,2024-11-19 12:50:09
30,0,0,0.7105058598524657,0.03227591499282382,0.042391158275216244,0.01,20.0,Set_64_234/p6.4.n.txt,2024-11-19 12:50:09
40,0,0,0.6614644007870808,0.012754490301571459,0.014780882941434608,0.01,20.0,Set_64_234/p6.4.n.txt,2024-11-19 12:50:09
50,0,0,0.7276438106054984,0.01,0.010000000000000002,0.01,20.0,Set_64_234/p6.4.n.txt,2024-11-19 12:50:09
60,0,0,0.6763202333272954,0.01,0.010000000000000002,0.01,20.0,Set_64_234/p6.4.n.txt,2024-11-19 12:50:09
70,0,0,0.6795370623161725,0.01,0.010000000000000002,0.01,20.0,Set_64_234/p6.4.n.txt,2024-11-19 12:50:09
80,0,0,0.6772161282832779,0.01,0.010000000000000002,0.01,20.0,Set_64_234/p6.4.n.txt,2024-11-19 12:50:09
90,0,0,0.657045456949788,0.01,0.010000000000000002,0.01,20.0,Set_64_234/p6.4.n.txt,2024-11-19 12:50:09
100,0,0,0.6566963553036923,0.01,0.010000000000000002,0.01,20.0,Set_64_234/p6.4.n.txt,2024-11-19 12:50:09
110,0,0,0.6976054725575928,0.01,0.010000000000000002,0.01,20.0,Set_64_234/p6.4.n.txt,2024-11-19 12:50:09
120,0,0,0.6753214344661745,0.01,0.010000000000000002,0.01,20.0,Set_64_234/p6.4.n.txt,2024-11-19 12:50:09
